-- phpMyAdmin SQL Dump
-- version 5.0.4
-- https://www.phpmyadmin.net/
--
-- Servidor: localhost
-- Tiempo de generación: 26-10-2023 a las 17:03:43
-- Versión del servidor: 10.4.17-MariaDB
-- Versión de PHP: 8.0.0

SET SQL_MODE = "NO_AUTO_VALUE_ON_ZERO";
START TRANSACTION;
SET time_zone = "+00:00";


/*!40101 SET @OLD_CHARACTER_SET_CLIENT=@@CHARACTER_SET_CLIENT */;
/*!40101 SET @OLD_CHARACTER_SET_RESULTS=@@CHARACTER_SET_RESULTS */;
/*!40101 SET @OLD_COLLATION_CONNECTION=@@COLLATION_CONNECTION */;
/*!40101 SET NAMES utf8mb4 */;

--
-- Base de datos: `u390307010_simulador`
--

-- --------------------------------------------------------

--
-- Estructura de tabla para la tabla `creditos`
--

CREATE TABLE `creditos` (
  `id_credito` int(11) NOT NULL,
  `credito` varchar(300) NOT NULL,
  `url_f` varchar(500) NOT NULL,
  `img` varchar(500) NOT NULL,
  `estilo` varchar(50) NOT NULL,
  `descripcion` text NOT NULL,
  `banner` varchar(250) NOT NULL,
  `slogan` varchar(500) NOT NULL,
  `titulo_1` varchar(1500) NOT NULL,
  `texto_1` text NOT NULL,
  `titulo_2` varchar(1500) NOT NULL,
  `texto_2` text NOT NULL,
  `titulo_3` varchar(1500) NOT NULL,
  `texto_3` text NOT NULL,
  `r1` varchar(200) NOT NULL,
  `r1_img` varchar(200) NOT NULL,
  `r2` varchar(200) NOT NULL,
  `r2_img` varchar(200) NOT NULL,
  `r3` varchar(200) NOT NULL,
  `r3_img` varchar(200) NOT NULL,
  `r4` varchar(200) NOT NULL,
  `r4_img` varchar(200) NOT NULL,
  `r5` varchar(200) NOT NULL,
  `r5_img` varchar(200) NOT NULL,
  `r6` varchar(200) NOT NULL,
  `r6_img` varchar(200) NOT NULL,
  `titulo_4` varchar(200) NOT NULL,
  `img_4` varchar(150) NOT NULL,
  `texto_4` varchar(200) NOT NULL,
  `titulo_5` varchar(200) NOT NULL,
  `img_5` varchar(150) NOT NULL,
  `texto_5` varchar(200) NOT NULL,
  `titulo_6` varchar(200) NOT NULL,
  `img_6` varchar(150) NOT NULL,
  `texto_6` varchar(200) NOT NULL,
  `texto_7` varchar(200) NOT NULL,
  `url_f_simulador` varchar(250) NOT NULL,
  `id_status` tinyint(2) NOT NULL
) ENGINE=InnoDB DEFAULT CHARSET=utf8mb4;

--
-- Volcado de datos para la tabla `creditos`
--

INSERT INTO `creditos` (`id_credito`, `credito`, `url_f`, `img`, `estilo`, `descripcion`, `banner`, `slogan`, `titulo_1`, `texto_1`, `titulo_2`, `texto_2`, `titulo_3`, `texto_3`, `r1`, `r1_img`, `r2`, `r2_img`, `r3`, `r3_img`, `r4`, `r4_img`, `r5`, `r5_img`, `r6`, `r6_img`, `titulo_4`, `img_4`, `texto_4`, `titulo_5`, `img_5`, `texto_5`, `titulo_6`, `img_6`, `texto_6`, `texto_7`, `url_f_simulador`, `id_status`) VALUES
(1, 'Crédito Personal', 'credito-personal', 'personal-home.svg', 'card-img-blue', 'Con créditos menores de $5,000.00 y pagos fijos.', 'personal.jpg', 'Nosotros te lo prestamos y tu decides en que lo utilizas Graduación, boda, remodelación, muebles...', 'Desde 25% anual (1)<br>Tasa de interés anual fija', '<ul>\r\n    <li>(1)La tasa puede variar de acuerdo al monto solicitado y por el crediticio de cada cliente.</li>\r\n    <li>Sin penalización por pagos anticipados</li>\r\n</ul>', '(2) Desde $500 hasta $500,000<br>de monto de crédito', '<ul>\r\n    <li>(2) Créditos menores a $5,000 tasa de interés anual promedio 270%</li>\r\n    <li>Créditos entre $5,000 y $100,000 tasa de interés anual promedio 59%</li>\r\n    <li>Créditos mayores a $100,000 hasta $500,000 asa de interés anual promedio 25%</li>\r\n</ul>', '(3) Selecciona el plazo<br>que más te convenga', '<ul>\r\n    <li>(3) Créditos menores a $5,000 plazos disponibles de 4, 8 y 12 semanas</li>\r\n    <li>Créditos mayores a $5,000 plazos disponibles de 6 hasta 36 meses</li>\r\n</ul>', 'Antigüedad laboral mínima de 3 meses', 'antiguedad-laboral.svg', 'Comprobante de ingresos', 'ingresos.svg', 'Comprobante de domicilio (no mayor a 3 meses)', 'domicilio.svg', 'Comprobante de ingresos', 'ingresos.svg', 'Identificación Oficial vigente con fotografía', 'identificacion-vigente.svg', 'Buen historial crediticio', 'historial.svg', 'Llena la solicitud', 'solicitud.svg', 'de crédito y en 30 minutos obtendrás la respuesta si es que tu crédito fue aprobado', 'Adjunta tu documentación de forma legible', 'documentacion.svg', 'Comprobante de Domicilio, de Ingresos e Identificación con fotografía (vigentes)', 'Si es aprobado recibirás el contrato', 'aprobado.svg', 'Fírmalo y envíalo de vuelta', 'El deposito se hará a tu cuenta bancaria en un lapso no mayor a 1 hora después de haber recibido tu contrato de crédito debidamente firmado.', 'simulador/credito-personal', 1),
(2, 'Crédito Nómina', 'credito-nomina', 'nomina-home.svg', 'card-img-green', 'La empresa para la que laboras debe celebrar un convenio con Own Financial Services.', 'nomina.jpg', 'Un esfuerzo constante merece ser recompensado', 'Desde 16% anual (1)<br>Tasa de interés anual fija', '<ul>\r\n    <li>(1)La tasa puede variar de acuerdo al monto solicitado, antigüedad y perfil crediticio de cada empleado</li>\r\n    <li>Sin penalización por pagos anticipados</li>\r\n</ul>', '(2) Desde $500 hasta $500,000<br>de monto de crédito', '<ul>\r\n    <li>(2) El monto dependerá de los ingresos de cada empleado</li>\r\n</ul>', '(3) Selecciona el plazo<br>que más te convenga', '<ul>\r\n    <li>(3) Plazos disponible de 6 hasta 36 meses</li>\r\n</ul>', 'Antigüedad laboral mínima de 3 meses', 'antiguedad-laboral.svg', 'Comprobante de ingresos', 'ingresos.svg', 'Comprobante de domicilio (no mayor a 3 meses)', 'domicilio.svg', 'Comprobante de ingresos', 'ingresos.svg', 'Identificación Oficial vigente con fotografía', 'identificacion-vigente.svg', 'Buen historial crediticio', 'historial.svg', 'Llena la solicitud', 'solicitud.svg', 'de crédito y en 30 minutos obtendrás la respuesta si es que tu crédito fue aprobado', 'Adjunta tu documentación de forma legible', 'documentacion.svg', 'Comprobante de Domicilio, de Ingresos e Identificación con fotografía (vigentes)', 'Si es aprobado recibirás el contrato', 'aprobado.svg', 'Fírmalo y envíalo de vuelta', 'El deposito se hará a tu cuenta bancaria en un lapso no mayor a 1 hora después de haber recibido tu contrato de crédito debidamente firmado.', 'simulador/credito-nomina', 1),
(3, 'Crédito PyME', 'credito-pyme', 'pyme-home.svg', 'card-img-blue', 'Te gustaría que tu PyME crezca.', 'pyme.jpg', 'Haz crecer tu negocio, nosotros te apoyamos', 'Desde 21% anual (1)<br>Tasa de interés anual fija', '<ul>\r\n    <li>(1)La tasa puede variar de acuerdo al  uso y por el historial crediticio de cada cliente</li>\r\n    <li>Sin penalización por pagos anticipados</li>\r\n</ul>', '(2) Desde $200,000 hasta $10,000,000<br>de monto de crédito', '<ul>\r\n    <li>(2) Sujeto a aprobación y validación del uso de cada cliente</li>\r\n</ul>', '(3) Selecciona el plazo<br>que más te convenga', '<ul>\r\n    <li>(3) Plazos disponible de 6 hasta 36 meses</li>\r\n</ul>', 'Antigüedad laboral mínima de 3 meses', 'antiguedad-laboral.svg', 'Comprobante de ingresos', 'ingresos.svg', 'Comprobante de domicilio (no mayor a 3 meses)', 'domicilio.svg', 'Comprobante de ingresos', 'ingresos.svg', 'Identificación Oficial vigente con fotografía', 'identificacion-vigente.svg', 'Buen historial crediticio', 'historial.svg', 'Llena la solicitud', 'solicitud.svg', 'de crédito y en 30 minutos obtendrás la respuesta si es que tu crédito fue aprobado', 'Adjunta tu documentación de forma legible', 'documentacion.svg', 'Comprobante de Domicilio, de Ingresos e Identificación con fotografía (vigentes)', 'Si es aprobado recibirás el contrato', 'aprobado.svg', 'Fírmalo y envíalo de vuelta', 'El deposito se hará a tu cuenta bancaria en un lapso no mayor a 1 hora después de haber recibido tu contrato de crédito debidamente firmado.', 'simulador/credito-pyme', 1),
(4, 'Crédito Automotriz', 'credito-automotriz', 'automotriz-home.svg', 'card-img-green', 'El crédito para el auto que siempre soñaste', 'automotriz.jpg', 'Pon a rodar tu mundo desde 0% de enganche', 'Del 15% al 17% anual (1)<br>Tasa de interés anual fija', '<ul>\r\n    <li>(1)La tasa puede variar de acuerdo al enganche otorgado y perfil crediticio de cada cliente</li>\r\n    <li>Sin penalización por pagos anticipados</li>\r\n</ul>', '(2) Nuevos y Seminuevos<br>Sin tope en el monto de crédito', '<ul>\r\n    <li>(2) Para seminuevos el año mínimo aceptado es 2016</li>\r\n    <li>Con seguro financiado, de contado o trae tu póliza de seguro</li>\r\n    <li>Si decides traer tu póliza de seguro deberá cumplir con los requisitos mínimos establecidos y será sujeto a aprobación por parte de Bink.</li>\r\n</ul>', '(3) Selecciona el plazo<br>que más te convenga', '<ul>\r\n    <li>(3) Plazos disponible de 6 hasta 36 meses</li>\r\n</ul>', 'Antigüedad laboral mínima de 3 meses', 'antiguedad-laboral.svg', 'Comprobante de ingresos', 'ingresos.svg', 'Comprobante de domicilio (no mayor a 3 meses)', 'domicilio.svg', 'Comprobante de ingresos', 'ingresos.svg', 'Identificación Oficial vigente con fotografía', 'identificacion-vigente.svg', 'Buen historial crediticio', 'historial.svg', 'Llena la solicitud', 'solicitud.svg', 'de crédito y en 30 minutos obtendrás la respuesta si es que tu crédito fue aprobado', 'Adjunta tu documentación de forma legible', 'documentacion.svg', 'Comprobante de Domicilio, de Ingresos e Identificación con fotografía (vigentes)', 'Si es aprobado recibirás el contrato', 'aprobado.svg', 'Fírmalo y envíalo de vuelta', 'El deposito se hará a tu cuenta bancaria en un lapso no mayor a 1 hora después de haber recibido tu contrato de crédito debidamente firmado.', 'simulador/credito-automotriz', 1);

-- --------------------------------------------------------

--
-- Estructura de tabla para la tabla `disclaimers`
--

CREATE TABLE `disclaimers` (
  `id_disclaimer` int(2) NOT NULL,
  `id_credito` int(2) NOT NULL,
  `disclaimer` text CHARACTER SET utf8 COLLATE utf8_unicode_ci NOT NULL,
  `id_status` tinyint(2) NOT NULL
) ENGINE=InnoDB DEFAULT CHARSET=utf8mb4;

--
-- Volcado de datos para la tabla `disclaimers`
--

INSERT INTO `disclaimers` (`id_disclaimer`, `id_credito`, `disclaimer`, `id_status`) VALUES
(1, 1, 'Tasa de inter&eacute;s fija anual de 16.5%. Esquema ofrecido por Bink®', 1),
(2, 1, 'Al contratar tu cr&eacute;dito con Bink® se te solicitar&aacute; la contrataci&oacute;n de los seguros correspondientes. Los seguros son responsabilidad de la Compa&ntilde;&iacute;a Aseguradora que los otorga. Si decides contratar los seguros con Bink®, ser&aacute;n financiados al mismo plazo y tasa del cr&eacute;dito.', 1),
(3, 1, 'Bink®. reconoce el derecho innegable que tiene el cliente de contratar a trav&eacute;s de un tercero independiente los productos y/o servicios adicionales o ligados a los mencionados en esta publicaci&oacute;n o aquellos que pudieran ofrecer cualesquiera de las Entidades de su Grupo Financiero.', 1),
(4, 1, 'El pago de tu mensualidad incluye la prima anual de un seguro de da&ntilde;os con cobertura amplia durante la vida del cr&eacute;dito, un seguro de vida por un monto fijo anual de $954.00 que cubre el saldo insoluto vigente en caso de fallecimiento, y un seguro de desempleo sin costo adicional que cubre el importe de la mensualidad hasta por 6 meses.', 1),
(5, 1, 'El precio del seguro de da&ntilde;os es sugerido y de acuerdo al monto del cr&eacute;dito solicitado. El precio del seguro de da&ntilde;os es proporcionado por la compa&ntilde;&iacute;a aseguradora que lo proporciona. Este precio sugerido es solo para efectos de simulaci&oacute;n que es sujeto a modificaciones de acuerdo a las caracter&iacute;sticas finalmente contratadas.', 1),
(6, 1, 'Esta tabla de amortizaci&oacute;n, es de car&aacute;cter informativo y tan s&oacute;lo una estimaci&oacute;n de c&oacute;mo se comportar&iacute;an los pagos, sujeto a cambio sin previo aviso.', 1),
(7, 1, 'En el primer pago, la mensualidad comprende el pago de la comisi&oacute;n por apertura, intereses por los d&iacute;as transcurridos de la fecha de disposici&oacute;n hasta la siguiente fecha de corte.', 1),
(8, 1, 'A partir del segundo pago, la mensualidad comprende el pago de Intereses, IVA y Capital.- Puedes realizar pagos anticipados de capital sin penalizaci&oacute;n, reduciendo as&iacute; el pago tus siguientes mensualidades.', 1),
(9, 1, 'El seguro de da&ntilde;os ser&aacute; financiado al mismo plazo y tasa del cr&eacute;dito.', 1),
(10, 1, 'Este documento no tiene ninguna validez oficial. Sujeto a autorizaci&oacute;n de cr&eacute;dito, aplican restricciones.', 1),
(11, 2, 'Tasa de inter&eacute;s fija anual de 16.5%. Esquema ofrecido por Bink®', 1),
(12, 2, 'Al contratar tu cr&eacute;dito con Bink® se te solicitar&aacute; la contrataci&oacute;n de los seguros correspondientes. Los seguros son responsabilidad de la Compa&ntilde;&iacute;a Aseguradora que los otorga. Si decides contratar los seguros con Bink®, ser&aacute;n financiados al mismo plazo y tasa del cr&eacute;dito.', 1),
(13, 2, 'Bink®. reconoce el derecho innegable que tiene el cliente de contratar a trav&eacute;s de un tercero independiente los productos y/o servicios adicionales o ligados a los mencionados en esta publicaci&oacute;n o aquellos que pudieran ofrecer cualesquiera de las Entidades de su Grupo Financiero.', 1),
(14, 2, 'El pago de tu mensualidad incluye la prima anual de un seguro de da&ntilde;os con cobertura amplia durante la vida del cr&eacute;dito, un seguro de vida por un monto fijo anual de $954.00 que cubre el saldo insoluto vigente en caso de fallecimiento, y un seguro de desempleo sin costo adicional que cubre el importe de la mensualidad hasta por 6 meses.', 1),
(15, 2, 'El precio del seguro de da&ntilde;os es sugerido y de acuerdo al monto del cr&eacute;dito solicitado. El precio del seguro de da&ntilde;os es proporcionado por la compa&ntilde;&iacute;a aseguradora que lo proporciona. Este precio sugerido es solo para efectos de simulaci&oacute;n que es sujeto a modificaciones de acuerdo a las caracter&iacute;sticas finalmente contratadas.', 1),
(16, 2, 'Esta tabla de amortizaci&oacute;n, es de car&aacute;cter informativo y tan s&oacute;lo una estimaci&oacute;n de c&oacute;mo se comportar&iacute;an los pagos, sujeto a cambio sin previo aviso.', 1),
(17, 2, 'En el primer pago, la mensualidad comprende el pago de la comisi&oacute;n por apertura, intereses por los d&iacute;as transcurridos de la fecha de disposici&oacute;n hasta la siguiente fecha de corte.', 1),
(18, 2, 'A partir del segundo pago, la mensualidad comprende el pago de Intereses, IVA y Capital.- Puedes realizar pagos anticipados de capital sin penalizaci&oacute;n, reduciendo as&iacute; el pago tus siguientes mensualidades.', 1),
(19, 2, 'El seguro de da&ntilde;os ser&aacute; financiado al mismo plazo y tasa del cr&eacute;dito.', 1),
(20, 2, 'Este documento no tiene ninguna validez oficial. Sujeto a autorizaci&oacute;n de cr&eacute;dito, aplican restricciones.', 1),
(21, 3, 'Tasa de inter&eacute;s fija anual de 16.5%. Esquema ofrecido por Bink®', 1),
(22, 3, 'Al contratar tu cr&eacute;dito con Bink® se te solicitar&aacute; la contrataci&oacute;n de los seguros correspondientes. Los seguros son responsabilidad de la Compa&ntilde;&iacute;a Aseguradora que los otorga. Si decides contratar los seguros con Bink®, ser&aacute;n financiados al mismo plazo y tasa del cr&eacute;dito.', 1),
(23, 3, 'Bink®. reconoce el derecho innegable que tiene el cliente de contratar a trav&eacute;s de un tercero independiente los productos y/o servicios adicionales o ligados a los mencionados en esta publicaci&oacute;n o aquellos que pudieran ofrecer cualesquiera de las Entidades de su Grupo Financiero.', 1),
(24, 3, 'El pago de tu mensualidad incluye la prima anual de un seguro de da&ntilde;os con cobertura amplia durante la vida del cr&eacute;dito, un seguro de vida por un monto fijo anual de $954.00 que cubre el saldo insoluto vigente en caso de fallecimiento, y un seguro de desempleo sin costo adicional que cubre el importe de la mensualidad hasta por 6 meses.', 1),
(25, 3, 'El precio del seguro de da&ntilde;os es sugerido y de acuerdo al monto del cr&eacute;dito solicitado. El precio del seguro de da&ntilde;os es proporcionado por la compa&ntilde;&iacute;a aseguradora que lo proporciona. Este precio sugerido es solo para efectos de simulaci&oacute;n que es sujeto a modificaciones de acuerdo a las caracter&iacute;sticas finalmente contratadas.', 1),
(26, 3, 'Esta tabla de amortizaci&oacute;n, es de car&aacute;cter informativo y tan s&oacute;lo una estimaci&oacute;n de c&oacute;mo se comportar&iacute;an los pagos, sujeto a cambio sin previo aviso.', 1),
(27, 3, 'En el primer pago, la mensualidad comprende el pago de la comisi&oacute;n por apertura, intereses por los d&iacute;as transcurridos de la fecha de disposici&oacute;n hasta la siguiente fecha de corte.', 1),
(28, 3, 'A partir del segundo pago, la mensualidad comprende el pago de Intereses, IVA y Capital.- Puedes realizar pagos anticipados de capital sin penalizaci&oacute;n, reduciendo as&iacute; el pago tus siguientes mensualidades.', 1),
(29, 3, 'El seguro de da&ntilde;os ser&aacute; financiado al mismo plazo y tasa del cr&eacute;dito.', 1),
(30, 3, 'Este documento no tiene ninguna validez oficial. Sujeto a autorizaci&oacute;n de cr&eacute;dito, aplican restricciones.', 1),
(31, 4, 'Tasa de inter&eacute;s fija anual de 16.5%. Esquema ofrecido por Bink®', 1),
(32, 4, 'Al contratar tu cr&eacute;dito con Bink® se te solicitar&aacute; la contrataci&oacute;n de los seguros correspondientes. Los seguros son responsabilidad de la Compa&ntilde;&iacute;a Aseguradora que los otorga. Si decides contratar los seguros con Bink®, ser&aacute;n financiados al mismo plazo y tasa del cr&eacute;dito.', 1),
(33, 4, 'Bink®. reconoce el derecho innegable que tiene el cliente de contratar a trav&eacute;s de un tercero independiente los productos y/o servicios adicionales o ligados a los mencionados en esta publicaci&oacute;n o aquellos que pudieran ofrecer cualesquiera de las Entidades de su Grupo Financiero.', 1),
(34, 4, 'El pago de tu mensualidad incluye la prima anual de un seguro de da&ntilde;os con cobertura amplia durante la vida del cr&eacute;dito, un seguro de vida por un monto fijo anual de $954.00 que cubre el saldo insoluto vigente en caso de fallecimiento, y un seguro de desempleo sin costo adicional que cubre el importe de la mensualidad hasta por 6 meses.', 1),
(35, 4, 'El precio del seguro de da&ntilde;os es sugerido y de acuerdo al monto del cr&eacute;dito solicitado. El precio del seguro de da&ntilde;os es proporcionado por la compa&ntilde;&iacute;a aseguradora que lo proporciona. Este precio sugerido es solo para efectos de simulaci&oacute;n que es sujeto a modificaciones de acuerdo a las caracter&iacute;sticas finalmente contratadas.', 1),
(36, 4, 'Esta tabla de amortizaci&oacute;n, es de car&aacute;cter informativo y tan s&oacute;lo una estimaci&oacute;n de c&oacute;mo se comportar&iacute;an los pagos, sujeto a cambio sin previo aviso.', 1),
(37, 4, 'En el primer pago, la mensualidad comprende el pago de la comisi&oacute;n por apertura, intereses por los d&iacute;as transcurridos de la fecha de disposici&oacute;n hasta la siguiente fecha de corte.', 1),
(38, 4, 'A partir del segundo pago, la mensualidad comprende el pago de Intereses, IVA y Capital.- Puedes realizar pagos anticipados de capital sin penalizaci&oacute;n, reduciendo as&iacute; el pago tus siguientes mensualidades.', 1),
(39, 4, 'El seguro de da&ntilde;os ser&aacute; financiado al mismo plazo y tasa del cr&eacute;dito.', 1),
(40, 4, 'Este documento no tiene ninguna validez oficial. Sujeto a autorizaci&oacute;n de cr&eacute;dito, aplican restricciones.', 1);

-- --------------------------------------------------------

--
-- Estructura de tabla para la tabla `marcas`
--

CREATE TABLE `marcas` (
  `id_marca` int(11) NOT NULL,
  `marca` varchar(400) NOT NULL,
  `id_status` tinyint(2) NOT NULL
) ENGINE=InnoDB DEFAULT CHARSET=utf8mb4;

--
-- Volcado de datos para la tabla `marcas`
--

INSERT INTO `marcas` (`id_marca`, `marca`, `id_status`) VALUES
(1, 'Acura', 1),
(2, 'Alfa Romeo', 1),
(3, 'Audi', 1),
(4, 'BAIC', 1),
(5, 'Bentley', 1),
(6, 'BMW', 1),
(7, 'Chrysler', 1),
(8, 'Fiat', 1),
(9, 'Ford Motor', 1),
(10, 'General Motors', 1),
(11, 'Honda', 1),
(12, 'Hyundai', 1),
(13, 'Infiniti', 1),
(14, 'Isuzu', 1),
(15, 'JAC', 1),
(16, 'Jaguar', 1),
(17, 'KIA', 1),
(18, 'Land Rover', 1),
(19, 'Lincoln', 1),
(20, 'Mazda', 1),
(21, 'Mercedes Benz', 1),
(22, 'MG ROVER', 1),
(23, 'Mini', 1),
(24, 'Mitsubishi', 1),
(25, 'Nissan', 1),
(26, 'Peugeot', 1),
(27, 'Porsche', 1),
(28, 'Renault', 1),
(29, 'SEAT', 1),
(30, 'Smart', 1),
(31, 'Subaru', 1),
(32, 'Suzuki', 1),
(33, 'Toyota', 1),
(34, 'Volkswagen', 1),
(35, 'Volvo', 1);

-- --------------------------------------------------------

--
-- Estructura de tabla para la tabla `submarcas`
--

CREATE TABLE `submarcas` (
  `id_submarcas` int(11) NOT NULL,
  `id_marca` int(11) NOT NULL,
  `submarca` varchar(500) NOT NULL,
  `id_status` tinyint(2) NOT NULL
) ENGINE=InnoDB DEFAULT CHARSET=utf8mb4;

--
-- Volcado de datos para la tabla `submarcas`
--

INSERT INTO `submarcas` (`id_submarcas`, `id_marca`, `submarca`, `id_status`) VALUES
(1, 1, 'ILX', 1),
(2, 1, 'Mdx', 1),
(3, 1, 'NSX', 1),
(4, 1, 'Rdx', 1),
(5, 1, 'Rl', 1),
(6, 1, 'Rlx', 1),
(7, 1, 'Tl 3.5l', 1),
(8, 1, 'Tl 3.7l', 1),
(9, 1, 'TLX', 1),
(10, 1, 'TSX 2.4L', 1),
(11, 1, 'Tsx 3.5l', 1),
(12, 1, 'ZDX', 1),
(13, 2, '4C', 1),
(14, 2, 'Alfa Romeo 159 2.2 Jts Sport Plus Selespeed', 1),
(15, 2, 'Alfa Romeo 159 3.2 Sport Plus Awd Automatico', 1),
(16, 2, 'Alfa Romeo Giulietta Progression Manual', 1),
(17, 2, 'Alfa Romeo Mito Quadrifoglio Verde Manual', 1),
(18, 2, 'Giulia', 1),
(19, 2, 'Stelvio', 1),
(20, 3, 'A 1 1.4T', 1),
(21, 3, 'A1', 1),
(22, 3, 'A1-', 1),
(23, 3, 'A1*', 1),
(24, 3, 'A3', 1),
(25, 3, 'A3-', 1),
(26, 3, 'A3 Cabrio', 1),
(27, 3, 'A3 Sedán', 1),
(28, 3, 'A4', 1),
(29, 3, 'A4 1.8 Cabrio', 1),
(30, 3, 'A4 1.8T', 1),
(31, 3, 'A4 2.0', 1),
(32, 3, 'A4 2.0 Cabrio', 1),
(33, 3, 'A4 3.0', 1),
(34, 3, 'A4 3.0 Cabrio', 1),
(35, 3, 'A4 3.2', 1),
(36, 3, 'A5', 1),
(37, 3, 'A5 2.0', 1),
(38, 3, 'A5 2.0T Sportback', 1),
(39, 3, 'A5 3.2', 1),
(40, 3, 'A5 3.2 Sportback', 1),
(41, 3, 'A5 Cabrio', 1),
(42, 3, 'A5 Coupe', 1),
(43, 3, 'A5 Sportback', 1),
(44, 3, 'A6', 1),
(45, 3, 'A6 2.7 Biturbo', 1),
(46, 3, 'A6 2.8', 1),
(47, 3, 'A6 3.0', 1),
(48, 3, 'A6 3.2', 1),
(49, 3, 'A6 4.2', 1),
(50, 3, 'A7', 1),
(51, 3, 'A8', 1),
(52, 3, 'A8 4.2', 1),
(53, 3, 'Audi Q7 3.0 TDI', 1),
(54, 3, 'Audi Q7 3.6', 1),
(55, 3, 'Audi Q7 4.2', 1),
(56, 3, 'Audi Q7 4.2 TDI', 1),
(57, 3, 'e-tron', 1),
(58, 3, 'Q 3', 1),
(59, 3, 'Q2', 1),
(60, 3, 'Q3', 1),
(61, 3, 'Q3-', 1),
(62, 3, 'Q3 SB', 1),
(63, 3, 'Q5', 1),
(64, 3, 'Q5 2.0T', 1),
(65, 3, 'Q5 3.0 TDI', 1),
(66, 3, 'Q5 3.2', 1),
(67, 3, 'Q7', 1),
(68, 3, 'Q7-', 1),
(69, 3, 'Q7 3.0T FSI', 1),
(70, 3, 'Q8', 1),
(71, 3, 'R8', 1),
(72, 3, 'R8 Spyder', 1),
(73, 3, 'RS 6', 1),
(74, 3, 'RS4 4.2', 1),
(75, 3, 'RS5 4.2', 1),
(76, 3, 'RS6 Avant', 1),
(77, 3, 'RS6 Sedan', 1),
(78, 3, 'S3 2.0', 1),
(79, 3, 'S4 3.0', 1),
(80, 3, 'S4 4.2', 1),
(81, 3, 'S4 4.2 Cabrio', 1),
(82, 3, 'S5 4.2', 1),
(83, 3, 'S6', 1),
(84, 3, 'S8', 1),
(85, 3, 'Sportback', 1),
(86, 3, 'TT Coupe', 1),
(87, 3, 'TT Roadster', 1),
(88, 3, 'TTRS Coupe', 1),
(89, 3, 'TTS Coupe', 1),
(90, 3, 'TTS Roadster', 1),
(91, 4, 'BJ20', 1),
(92, 4, 'BJ40', 1),
(93, 4, 'D20', 1),
(94, 4, 'M50S', 1),
(95, 4, 'VIGUS3', 1),
(96, 4, 'X25', 1),
(97, 4, 'X30', 1),
(98, 4, 'X35', 1),
(99, 4, 'X65', 1),
(100, 5, 'Arnage R', 1),
(101, 5, 'Azure', 1),
(102, 5, 'Bentayga', 1),
(103, 5, 'Continental Flying Spur', 1),
(104, 5, 'Continental Flying Spur Speed', 1),
(105, 5, 'Continental Gt', 1),
(106, 5, 'Continental Gt Convertible', 1),
(107, 5, 'Continental Gt Speed', 1),
(108, 5, 'Continental GT Speed Black Edition', 1),
(109, 5, 'Continental GT Speed Convertible', 1),
(110, 5, 'Continental Gt V8', 1),
(111, 5, 'Continental GT V8 S', 1),
(112, 5, 'Continental Gtc', 1),
(113, 5, 'Continental Gtc Speed', 1),
(114, 5, 'Continental Supersports', 1),
(115, 5, 'Flying Spur', 1),
(116, 5, 'Mulsanne', 1),
(117, 5, 'New Flying Spur', 1),
(118, 5, 'Nuevo Continental Gt', 1),
(119, 6, '118I', 1),
(120, 6, '120I', 1),
(121, 6, '120i 3p', 1),
(122, 6, '125i Coupe', 1),
(123, 6, '130I', 1),
(124, 6, '130i 3p', 1),
(125, 6, '135i Coupe', 1),
(126, 6, '320I', 1),
(127, 6, '325CI', 1),
(128, 6, '325CI Cabrio', 1),
(129, 6, '325I', 1),
(130, 6, '325i Cabrio', 1),
(131, 6, '325i Coupe', 1),
(132, 6, '325I SDK', 1),
(133, 6, '330CI', 1),
(134, 6, '330CI Cabrio', 1),
(135, 6, '330I', 1),
(136, 6, '335i', 1),
(137, 6, '335i Cabrio', 1),
(138, 6, '335i Coupe', 1),
(139, 6, '525I', 1),
(140, 6, '528I', 1),
(141, 6, '530I', 1),
(142, 6, '535I', 1),
(143, 6, '535i Gran Turismo', 1),
(144, 6, '540I', 1),
(145, 6, '545I', 1),
(146, 6, '550I', 1),
(147, 6, '550i Gran Turismo', 1),
(148, 6, '645CI', 1),
(149, 6, '645CI Cabrio', 1),
(150, 6, '650I', 1),
(151, 6, '650i Cabrio', 1),
(152, 6, '740I', 1),
(153, 6, '745I', 1),
(154, 6, '750I', 1),
(155, 6, '760LI', 1),
(156, 6, 'i3', 1),
(157, 6, 'i8', 1),
(158, 6, 'M3', 1),
(159, 6, 'M3 Cabrio', 1),
(160, 6, 'M3 Sedan', 1),
(161, 6, 'M5', 1),
(162, 6, 'M6', 1),
(163, 6, 'Serie 1 Hatch', 1),
(164, 6, 'Serie 1 M Coupe', 1),
(165, 6, 'Serie 1 Sedán', 1),
(166, 6, 'Serie 2', 1),
(167, 6, 'Serie 3', 1),
(168, 6, 'Serie 3-', 1),
(169, 6, 'Serie 4', 1),
(170, 6, 'Serie 5', 1),
(171, 6, 'Serie 6', 1),
(172, 6, 'Serie 7', 1),
(173, 6, 'Serie 8', 1),
(174, 6, 'X1', 1),
(175, 6, 'X1 Sdrive20i', 1),
(176, 6, 'X1 Xdrive 28i', 1),
(177, 6, 'X1 Xdrive25i', 1),
(178, 6, 'X2', 1),
(179, 6, 'X3', 1),
(180, 6, 'X3 2.5I', 1),
(181, 6, 'X3 3.0I', 1),
(182, 6, 'X3 Xdrive 28ia', 1),
(183, 6, 'X3 Xdrive35ia', 1),
(184, 6, 'X4', 1),
(185, 6, 'X5', 1),
(186, 6, 'X5 3.0I', 1),
(187, 6, 'X5 4.4I', 1),
(188, 6, 'X5 4.8I', 1),
(189, 6, 'X5 M', 1),
(190, 6, 'X5 Xdrive35I', 1),
(191, 6, 'X5 Xdrive50I', 1),
(192, 6, 'X6', 1),
(193, 6, 'X6 M', 1),
(194, 6, 'X7', 1),
(195, 6, 'Z4', 1),
(196, 6, 'Z4-', 1),
(197, 7, 'Aspen', 1),
(198, 7, 'Atos', 1),
(199, 7, 'Attitude', 1),
(200, 7, 'Avenger', 1),
(201, 7, 'Caliber', 1),
(202, 7, 'Challenger', 1),
(203, 7, 'Charger', 1),
(204, 7, 'Cherokee', 1),
(205, 7, 'Chrysler 200', 1),
(206, 7, 'Chrysler 300', 1),
(207, 7, 'CHRYSLER 300C', 1),
(208, 7, 'Chrysler Pacifica', 1),
(209, 7, 'Cirrus', 1),
(210, 7, 'Cirrus Coupe', 1),
(211, 7, 'Commander Xk', 1),
(212, 7, 'Crew Cab', 1),
(213, 7, 'Crew Cab-', 1),
(214, 7, 'Crossfire', 1),
(215, 7, 'Dakota', 1),
(216, 7, 'Dart', 1),
(217, 7, 'Dodge 1000', 1),
(218, 7, 'Dodge Neon', 1),
(219, 7, 'Durango', 1),
(220, 7, 'Gladiator', 1),
(221, 7, 'Grand Caravan', 1),
(222, 7, 'Grand Cherokee', 1),
(223, 7, 'H100', 1),
(224, 7, 'H100 Van', 1),
(225, 7, 'H100 Wagon', 1),
(226, 7, 'I10', 1),
(227, 7, 'Jeep Compass', 1),
(228, 7, 'Jeep Compass-', 1),
(229, 7, 'Journey', 1),
(230, 7, 'Liberty', 1),
(231, 7, 'Mega Cab', 1),
(232, 7, 'Neon', 1),
(233, 7, 'Nitro', 1),
(234, 7, 'Pacifica', 1),
(235, 7, 'Patriot', 1),
(236, 7, 'Promaster', 1),
(237, 7, 'Promaster Rapid', 1),
(238, 7, 'PT Cruiser', 1),
(239, 7, 'Pt Cruiser Conv', 1),
(240, 7, 'Quad Cab', 1),
(241, 7, 'Ram 1500', 1),
(242, 7, 'RAM 1500-', 1),
(243, 7, 'Ram 2500', 1),
(244, 7, 'RAM 2500-', 1),
(245, 7, 'RAM 4000', 1),
(246, 7, 'RAM 4000 Diesel', 1),
(247, 7, 'RAM 700', 1),
(248, 7, 'Renegade', 1),
(249, 7, 'Stratus', 1),
(250, 7, 'Verna 3 Ptas', 1),
(251, 7, 'Verna 4 Ptas', 1),
(252, 7, 'Viper', 1),
(253, 7, 'Vision', 1),
(254, 7, 'Voyager', 1),
(255, 7, 'Voyager Town&Country LTD', 1),
(256, 7, 'Voyager Town&Country LX', 1),
(257, 7, 'Wrangler', 1),
(258, 8, '124 Spider', 1),
(259, 8, '500L', 1),
(260, 8, '500X', 1),
(261, 8, 'Albea Sedan', 1),
(262, 8, 'Argo', 1),
(263, 8, 'Bravo', 1),
(264, 8, 'Ducato', 1),
(265, 8, 'Fiat 500', 1),
(266, 8, 'Fiat 500-', 1),
(267, 8, 'Grande Punto 3 Ptas', 1),
(268, 8, 'Grande Punto 5 Ptas', 1),
(269, 8, 'Grande Punto Turbo', 1),
(270, 8, 'Idea', 1),
(271, 8, 'Linea', 1),
(272, 8, 'Mobi', 1),
(273, 8, 'Nuevo Palio', 1),
(274, 8, 'Palio 1.8r', 1),
(275, 8, 'Palio Adventure', 1),
(276, 8, 'Palio Hatchback', 1),
(277, 8, 'Palio Sedan', 1),
(278, 8, 'Panda 4x2d', 1),
(279, 8, 'Panda 4x2m', 1),
(280, 8, 'Panda 4x4', 1),
(281, 8, 'Stilo', 1),
(282, 8, 'Strada Adventure', 1),
(283, 8, 'Uno', 1),
(284, 9, 'Club Wagon', 1),
(285, 9, 'Courier', 1),
(286, 9, 'Crown Victoria / Police Interceptor', 1),
(287, 9, 'Econoline', 1),
(288, 9, 'Ecosport', 1),
(289, 9, 'Edge', 1),
(290, 9, 'Escape', 1),
(291, 9, 'Escape HEV', 1),
(292, 9, 'Excursion', 1),
(293, 9, 'Expedition', 1),
(294, 9, 'Explorer', 1),
(295, 9, 'Explorer Sport Trac', 1),
(296, 9, 'F 150', 1),
(297, 9, 'F 250', 1),
(298, 9, 'F 250 Super Duty', 1),
(299, 9, 'F 350', 1),
(300, 9, 'F 450', 1),
(301, 9, 'F 450 Diesel', 1),
(302, 9, 'F 550', 1),
(303, 9, 'F 550 Diesel', 1),
(304, 9, 'F-350', 1),
(305, 9, 'F-450', 1),
(306, 9, 'F450 Diesel', 1),
(307, 9, 'F-550', 1),
(308, 9, 'F550 Diesel', 1),
(309, 9, 'Fiesta', 1),
(310, 9, 'Fiesta Ikon', 1),
(311, 9, 'Fiesta NA 5 DR', 1),
(312, 9, 'Fiesta NA Sedan', 1),
(313, 9, 'Fiesta Sedan / Ikon Notch', 1),
(314, 9, 'Fiesta St', 1),
(315, 9, 'Figo 5 DR', 1),
(316, 9, 'Figo Sedan', 1),
(317, 9, 'Five Hundred', 1),
(318, 9, 'Focus 5 Dr', 1),
(319, 9, 'Focus Sedan', 1),
(320, 9, 'Focus St', 1),
(321, 9, 'Focus ZX3', 1),
(322, 9, 'Ford GT', 1),
(323, 9, 'Freestar', 1),
(324, 9, 'Fusion', 1),
(325, 9, 'Fusion Hibrido', 1),
(326, 9, 'H - 215', 1),
(327, 9, 'Ikon Hatch', 1),
(328, 9, 'Ka', 1),
(329, 9, 'Lobo Crew Cab', 1),
(330, 9, 'Lobo Regular Cab', 1),
(331, 9, 'Mondeo', 1),
(332, 9, 'Mustang', 1),
(333, 9, 'New F150 / F-150', 1),
(334, 9, 'Ranger', 1),
(335, 9, 'Ranger Chassis', 1),
(336, 9, 'Ranger Crew Cab', 1),
(337, 9, 'Ranger Larga', 1),
(338, 9, 'Sable', 1),
(339, 9, 'Transit', 1),
(340, 9, 'Transit Pasajeros', 1),
(341, 10, '147', 1),
(342, 10, '156', 1),
(343, 10, '9-3 Sport Sedan 4 Ptas', 1),
(344, 10, '9-5 4 Ptas', 1),
(345, 10, 'Acadia', 1),
(346, 10, 'Astra 3 Ptas', 1),
(347, 10, 'Astra 4 Ptas', 1),
(348, 10, 'Astra 5 Ptas', 1),
(349, 10, 'Ats 4p', 1),
(350, 10, 'Avalanche UUV', 1),
(351, 10, 'Aveo', 1),
(352, 10, 'Aveo-', 1),
(353, 10, 'Aztek SUV', 1),
(354, 10, 'Beat', 1),
(355, 10, 'Beat 4 PTAS.', 1),
(356, 10, 'Blazer', 1),
(357, 10, 'Bls 4 Ptas', 1),
(358, 10, 'Bolt', 1),
(359, 10, 'Camaro', 1),
(360, 10, 'Camaro Convertible', 1),
(361, 10, 'Canyon', 1),
(362, 10, 'Captiva Sport', 1),
(363, 10, 'Cavalier 4 Ptas', 1),
(364, 10, 'Chevrolet Express Cargo Van', 1),
(365, 10, 'Chevrolet Express Cutaway', 1),
(366, 10, 'Chevrolet Express Passenger Van', 1),
(367, 10, 'Chevy 3 Ptas', 1),
(368, 10, 'Chevy 4 PTAS', 1),
(369, 10, 'Chevy 5 Ptas', 1),
(370, 10, 'Cheyenne  Doble Cabina', 1),
(371, 10, 'Cheyenne Cabina Regular', 1),
(372, 10, 'Cheyenne Doble Cabina', 1),
(373, 10, 'Colorado Cabina Regular', 1),
(374, 10, 'Colorado Doble Cabina', 1),
(375, 10, 'Corsa 5 Ptas', 1),
(376, 10, 'Corsa Sedan 4 Ptas', 1),
(377, 10, 'Corvette', 1),
(378, 10, 'Corvette 2  Pts. Convertible', 1),
(379, 10, 'Cruze 4 Ptas', 1),
(380, 10, 'Cruze 4 PTAS-', 1),
(381, 10, 'Cruze 5 Ptas', 1),
(382, 10, 'Cts 2 Ptas', 1),
(383, 10, 'Cts 4 Ptas', 1),
(384, 10, 'De Ville 4 Ptas', 1),
(385, 10, 'Enclave', 1),
(386, 10, 'Encore', 1),
(387, 10, 'Envision SUV', 1),
(388, 10, 'Epica', 1),
(389, 10, 'Equinox Suv', 1),
(390, 10, 'Equinox SUV-', 1),
(391, 10, 'Escalade ESV SUV AWD', 1),
(392, 10, 'Escalade EXT UUV 4X4', 1),
(393, 10, 'Escalade Suv', 1),
(394, 10, 'G3 4 Ptas', 1),
(395, 10, 'G3 4 PTAS-', 1),
(396, 10, 'G3 5 PTAS-', 1),
(397, 10, 'G5 2 Ptas', 1),
(398, 10, 'G5 4 Ptas', 1),
(399, 10, 'G6 4 Ptas', 1),
(400, 10, 'GMC Sierra Cabina Regular', 1),
(401, 10, 'GMC Sierra Doble Cabina', 1),
(402, 10, 'Grand Am 4 Ptas', 1),
(403, 10, 'H2 Sut', 1),
(404, 10, 'H2 Suv', 1),
(405, 10, 'H3 Suv', 1),
(406, 10, 'H3 T', 1),
(407, 10, 'HHR 5 PTAS', 1),
(408, 10, 'Impala', 1),
(409, 10, 'Kodiak Chassis Cab Class 6 PBV23,900', 1),
(410, 10, 'Kodiak Chassis Cab Class 7 PBV33,000', 1),
(411, 10, 'Kodiak Chassis Cab Class 8 PBV36,000', 1),
(412, 10, 'Lacrosse', 1),
(413, 10, 'Luv Cabina Regular', 1),
(414, 10, 'Luv Chasis Cabina', 1),
(415, 10, 'Luv Doble Cabina', 1),
(416, 10, 'Malibu 4 Ptas', 1),
(417, 10, 'Matiz 5 Ptas', 1),
(418, 10, 'Meriva Monocab', 1),
(419, 10, 'Montana Sv6 Van', 1),
(420, 10, 'Onix', 1),
(421, 10, 'Optra', 1),
(422, 10, 'P-30 Fwd Control Chassis', 1),
(423, 10, 'Palio 4 Ptas', 1),
(424, 10, 'Palio 5 Ptas', 1),
(425, 10, 'Palio Adventurer', 1),
(426, 10, 'Pontiac Torrent Suv', 1),
(427, 10, 'Regal', 1),
(428, 10, 'S10', 1),
(429, 10, 'Sierra Cabina Regular', 1),
(430, 10, 'Sierra Doble Cabina', 1),
(431, 10, 'Silverado 1500 Cabina Regular', 1),
(432, 10, 'Silverado 1500 Cabina Regular-', 1),
(433, 10, 'Silverado 2500 Cabina Extendida', 1),
(434, 10, 'Silverado 2500 Cabina Regular', 1),
(435, 10, 'Silverado 2500 Cabina Regular-', 1),
(436, 10, 'Silverado 2500 Cheyenne Crew Cab 4x4', 1),
(437, 10, 'Silverado 2500 Doble Cabina', 1),
(438, 10, 'Silverado 2500 Doble Cabina-', 1),
(439, 10, 'Silverado 3500 Chassis Cab', 1),
(440, 10, 'Silverado 3500 HD Chassis Cab Heavy Duty', 1),
(441, 10, 'Silverado Cabina Regular', 1),
(442, 10, 'Silverado Doble Cabina', 1),
(443, 10, 'Solstice 2 Ptas', 1),
(444, 10, 'Sonic', 1),
(445, 10, 'Sonic-', 1),
(446, 10, 'Sonic 5 PTS', 1),
(447, 10, 'Sonic 5 PTS-', 1),
(448, 10, 'Sonora Suv', 1),
(449, 10, 'Spark', 1),
(450, 10, 'Spark EV 5 Ptas.', 1),
(451, 10, 'Spark NG', 1),
(452, 10, 'Srx Suv', 1),
(453, 10, 'SRX SUV-', 1),
(454, 10, 'Sts 4 Ptas', 1),
(455, 10, 'Suburban Suv', 1),
(456, 10, 'Suburban SUV-', 1),
(457, 10, 'Sunfire 4 Ptas', 1),
(458, 10, 'Sunfire GT 2 Ptas', 1),
(459, 10, 'Tahoe', 1),
(460, 10, 'Terrain Suv', 1),
(461, 10, 'Terrain SUV-', 1),
(462, 10, 'Tornado Pickup', 1),
(463, 10, 'Tracker Suv', 1),
(464, 10, 'Trailblazer Suv', 1),
(465, 10, 'Traverse Suv', 1),
(466, 10, 'Trax', 1),
(467, 10, 'Uplander Van', 1),
(468, 10, 'Vectra 4 Ptas', 1),
(469, 10, 'Venture Van', 1),
(470, 10, 'Verano', 1),
(471, 10, 'Volt 4 Ptas.', 1),
(472, 10, 'Xlr 2 Ptas', 1),
(473, 10, 'Xt4 Suv', 1),
(474, 10, 'XT5 SUV', 1),
(475, 10, 'Yukon Suv', 1),
(476, 10, 'Zafira Monocab', 1),
(477, 11, 'Accord 2pts', 1),
(478, 11, 'Accord 4pts', 1),
(479, 11, 'Accord 4PTS-', 1),
(480, 11, 'BR-V', 1),
(481, 11, 'Civic 2pts Ta', 1),
(482, 11, 'Civic 2pts Tm', 1),
(483, 11, 'Civic 4pts Ta', 1),
(484, 11, 'Civic 4pts Tm', 1),
(485, 11, 'Civic Ima', 1),
(486, 11, 'Civic Si', 1),
(487, 11, 'Crosstour', 1),
(488, 11, 'CR-V', 1),
(489, 11, 'CR-V-', 1),
(490, 11, 'CR-Z', 1),
(491, 11, 'Fit', 1),
(492, 11, 'Fit-', 1),
(493, 11, 'Honda City', 1),
(494, 11, 'Honda Pilot', 1),
(495, 11, 'HR-V-', 1),
(496, 11, 'Insight Hybrid', 1),
(497, 11, 'Odyssey', 1),
(498, 11, 'Ridgeline', 1),
(499, 12, 'Accent Hatchback', 1),
(500, 12, 'Accent Sedan', 1),
(501, 12, 'Creta', 1),
(502, 12, 'Elantra', 1),
(503, 12, 'Genesis', 1),
(504, 12, 'Grand I10', 1),
(505, 12, 'Grand I10 Sedán', 1),
(506, 12, 'Ioniq', 1),
(507, 12, 'IX35', 1),
(508, 12, 'Santa Fe', 1),
(509, 12, 'Santa FE 7 P', 1),
(510, 12, 'Sonata', 1),
(511, 12, 'Starex', 1),
(512, 12, 'Tucson', 1),
(513, 12, 'Veloster', 1),
(514, 13, 'FX', 1),
(515, 13, 'G37 Coupe', 1),
(516, 13, 'G37 Sedan', 1),
(517, 13, 'Infiniti', 1),
(518, 13, 'Infiniti Jx', 1),
(519, 13, 'M', 1),
(520, 13, 'Q50', 1),
(521, 13, 'Q60', 1),
(522, 13, 'Q70', 1),
(523, 13, 'QX', 1),
(524, 13, 'QX30', 1),
(525, 13, 'QX50', 1),
(526, 13, 'QX60', 1),
(527, 13, 'QX70', 1),
(528, 13, 'QX80', 1),
(529, 14, 'ELF 200', 1),
(530, 14, 'ELF 300', 1),
(531, 14, 'ELF100', 1),
(532, 15, 'E J4', 1),
(533, 15, 'E Sei 1', 1),
(534, 15, 'E Sei 2', 1),
(535, 15, 'E Sei 4', 1),
(536, 15, 'Frison', 1),
(537, 15, 'J4', 1),
(538, 15, 'Sei2', 1),
(539, 15, 'Sei3', 1),
(540, 15, 'Sei4', 1),
(541, 15, 'Sei7', 1),
(542, 15, 'SUNRAY', 1),
(543, 15, 'X 200', 1),
(544, 16, 'E-Pace', 1),
(545, 16, 'F Type', 1),
(546, 16, 'F-Pace', 1),
(547, 16, 'F-Type', 1),
(548, 16, 'I-Pace', 1),
(549, 16, 'S Type 3.0l', 1),
(550, 16, 'S Type 4.2l', 1),
(551, 16, 'X Type 2.5l', 1),
(552, 16, 'X Type 3.0l', 1),
(553, 16, 'XE', 1),
(554, 16, 'XF', 1),
(555, 16, 'XF 4.2L', 1),
(556, 16, 'XF 5.0L', 1),
(557, 16, 'XJ', 1),
(558, 16, 'Xj Sedan Series', 1),
(559, 16, 'XK', 1),
(560, 16, 'Xk Series', 1),
(561, 17, 'Forte', 1),
(562, 17, 'Forte-', 1),
(563, 17, 'Forte Hatchback', 1),
(564, 17, 'KIA Niro', 1),
(565, 17, 'KIA Óptima', 1),
(566, 17, 'KIA Río Hatchback', 1),
(567, 17, 'Kia Río Hatchback-', 1),
(568, 17, 'KIA Río Sedan', 1),
(569, 17, 'KIA Río Sedan-', 1),
(570, 17, 'Sedona', 1),
(571, 17, 'Seltos', 1),
(572, 17, 'Sorento', 1),
(573, 17, 'Soul', 1),
(574, 17, 'Sportage', 1),
(575, 17, 'Stinger', 1),
(576, 18, 'Defender', 1),
(577, 18, 'Discovery', 1),
(578, 18, 'Discovery Sport', 1),
(579, 18, 'Evoque', 1),
(580, 18, 'Freelander 2.5', 1),
(581, 18, 'Lr2', 1),
(582, 18, 'Lr3/Lr4', 1),
(583, 18, 'Range Rover', 1),
(584, 18, 'Range Rover Evoque', 1),
(585, 18, 'Range Rover Sport', 1),
(586, 18, 'Range Rover Velar', 1),
(587, 19, 'Aviator', 1),
(588, 19, 'Corsair', 1),
(589, 19, 'Lincoln Continental', 1),
(590, 19, 'Lincoln Ls', 1),
(591, 19, 'Mariner', 1),
(592, 19, 'Mark Lt', 1),
(593, 19, 'Milan', 1),
(594, 19, 'MKC', 1),
(595, 19, 'Mks', 1),
(596, 19, 'MKZ', 1),
(597, 19, 'MKZ-', 1),
(598, 19, 'MKZ Hibrido', 1),
(599, 19, 'Montego', 1),
(600, 19, 'NAUTILUS', 1),
(601, 19, 'Navigator', 1),
(602, 19, 'Town Car', 1),
(603, 20, 'CX-3', 1),
(604, 20, 'CX-30', 1),
(605, 20, 'CX-5', 1),
(606, 20, 'Cx-7', 1),
(607, 20, 'CX-9', 1),
(608, 20, 'Mazda 2', 1),
(609, 20, 'Mazda 2-', 1),
(610, 20, 'Mazda 2 Hatchback', 1),
(611, 20, 'Mazda 2 Sedán', 1),
(612, 20, 'Mazda 3 Hatchback', 1),
(613, 20, 'Mazda 3 Sedán', 1),
(614, 20, 'Mazda 3 Sedán-', 1),
(615, 20, 'Mazda 5', 1),
(616, 20, 'Mazda 6', 1),
(617, 20, 'Mx-5', 1),
(618, 21, 'A 160', 1),
(619, 21, 'A 190', 1),
(620, 21, 'AMG GT', 1),
(621, 21, 'B 200', 1),
(622, 21, 'C 200 K', 1),
(623, 21, 'C 230 K', 1),
(624, 21, 'C 280', 1),
(625, 21, 'C 320', 1),
(626, 21, 'C 350', 1),
(627, 21, 'C 55 Amg', 1),
(628, 21, 'C 63 Amg', 1),
(629, 21, 'Cab Chassis', 1),
(630, 21, 'Cargo Van', 1),
(631, 21, 'Cl 230 K', 1),
(632, 21, 'Cl 500', 1),
(633, 21, 'CLA', 1),
(634, 21, 'Clase A hatchback', 1),
(635, 21, 'Clase A Sedan', 1),
(636, 21, 'Clase B', 1),
(637, 21, 'Clase C 250 Coupe', 1),
(638, 21, 'Clase C 350 Coupe', 1),
(639, 21, 'Clase C coupe', 1),
(640, 21, 'Clase C Sedan', 1),
(641, 21, 'Clase E coupe', 1),
(642, 21, 'Clase E sedan', 1),
(643, 21, 'Clase G', 1),
(644, 21, 'Clase GLE', 1),
(645, 21, 'Clase GLS', 1),
(646, 21, 'Clase S coupe', 1),
(647, 21, 'Clase S sedan', 1),
(648, 21, 'Clase SL', 1),
(649, 21, 'Clase V', 1),
(650, 21, 'Clk 280', 1),
(651, 21, 'Clk 280 C', 1),
(652, 21, 'Clk 320', 1),
(653, 21, 'Clk 320 C', 1),
(654, 21, 'Clk 350', 1),
(655, 21, 'Clk 350 C', 1),
(656, 21, 'Clk 500', 1),
(657, 21, 'Clk 500 C', 1),
(658, 21, 'CLS', 1),
(659, 21, 'Cls 350', 1),
(660, 21, 'Cls 500', 1),
(661, 21, 'E 250 Coupe', 1),
(662, 21, 'E 280', 1),
(663, 21, 'E 350', 1),
(664, 21, 'E 350 Convertible', 1),
(665, 21, 'E 350 Coupe', 1),
(666, 21, 'E 500', 1),
(667, 21, 'E 500 Convertible', 1),
(668, 21, 'E 500 Coupe', 1),
(669, 21, 'E 55 Amg', 1),
(670, 21, 'E 63 Amg', 1),
(671, 21, 'E250', 1),
(672, 21, 'G 500', 1),
(673, 21, 'Gl 450', 1),
(674, 21, 'Gl 500', 1),
(675, 21, 'GLA', 1),
(676, 21, 'GLB', 1),
(677, 21, 'GLC', 1),
(678, 21, 'GLK 280', 1),
(679, 21, 'GLK 350', 1),
(680, 21, 'Ml 350', 1),
(681, 21, 'Ml 500', 1),
(682, 21, 'Ml 63 Amg', 1),
(683, 21, 'R 350', 1),
(684, 21, 'R 500', 1),
(685, 21, 'S 430', 1),
(686, 21, 'S 500', 1),
(687, 21, 'Sl 500', 1),
(688, 21, 'Sl 55 Amg', 1),
(689, 21, 'SLC', 1),
(690, 21, 'Slk 200 K', 1),
(691, 21, 'Slk 350', 1),
(692, 21, 'Sls Amg', 1),
(693, 21, 'Sprinter', 1),
(694, 21, 'Vito Carga', 1),
(695, 21, 'Vito Pasaje', 1),
(696, 21, 'Wagon', 1),
(697, 22, 'Mg Tf', 1),
(698, 22, 'Mg Zr', 1),
(699, 22, 'Mg Zt', 1),
(700, 22, 'R75', 1),
(701, 23, 'Cooper', 1),
(702, 23, 'Cooper Conv', 1),
(703, 23, 'Cooper S', 1),
(704, 23, 'Cooper S Clubman', 1),
(705, 23, 'Cooper S Conv', 1),
(706, 23, 'Cooper S Jcw', 1),
(707, 23, 'Countryman S', 1),
(708, 23, 'MINI 3 PTAS', 1),
(709, 23, 'MINI 5 PTAS', 1),
(710, 23, 'MINI CLUBMAN', 1),
(711, 23, 'MINI CONVERTIBLE', 1),
(712, 23, 'MINI COUNTRYMAN', 1),
(713, 23, 'MINI COUPE', 1),
(714, 23, 'MINI PACEMAN', 1),
(715, 23, 'MINI ROADSTER', 1),
(716, 24, 'ASX', 1),
(717, 24, 'Eclipse', 1),
(718, 24, 'Eclipse Conv', 1),
(719, 24, 'Eclipse Cross', 1),
(720, 24, 'Endeavor', 1),
(721, 24, 'Galant', 1),
(722, 24, 'Grandis', 1),
(723, 24, 'L200', 1),
(724, 24, 'Lancer', 1),
(725, 24, 'Lancer Evolution', 1),
(726, 24, 'Mirage', 1),
(727, 24, 'Mirage G4', 1),
(728, 24, 'Montero', 1),
(729, 24, 'Montero Limited', 1),
(730, 24, 'Montero Sport', 1),
(731, 24, 'Outlander', 1),
(732, 24, 'Outlander PHEV', 1),
(733, 24, 'Space Star', 1),
(734, 25, 'March', 1),
(735, 25, '350 Z', 1),
(736, 25, '370 Z', 1),
(737, 25, 'Almera 4 Pts', 1),
(738, 25, 'Almera Dep', 1),
(739, 25, 'Altima', 1),
(740, 25, 'Altima Coupe', 1),
(741, 25, 'Aprio', 1),
(742, 25, 'Armada', 1),
(743, 25, 'Cabstar Mediano', 1),
(744, 25, 'Cabstar Small', 1),
(745, 25, 'Chasis Largo', 1),
(746, 25, 'Chasis Largo Diesel', 1),
(747, 25, 'Estacas Largo', 1),
(748, 25, 'Frontier Diesel', 1),
(749, 25, 'Frontier L4', 1),
(750, 25, 'Frontier V4', 1),
(751, 25, 'Frontier V6', 1),
(752, 25, 'GT-R', 1),
(753, 25, 'Infinity I35', 1),
(754, 25, 'Infinity Q45-M45', 1),
(755, 25, 'Juke', 1),
(756, 25, 'Kicks', 1),
(757, 25, 'Leaf', 1),
(758, 25, 'Maxima', 1),
(759, 25, 'Micra', 1),
(760, 25, 'Murano', 1),
(761, 25, 'Note', 1),
(762, 25, 'NP300', 1),
(763, 25, 'NV 200 Cargo', 1),
(764, 25, 'NV 200 NY TAXI', 1),
(765, 25, 'NV2500  V8 Toldo Alto', 1),
(766, 25, 'NV2500 V6 Toldo Alto', 1),
(767, 25, 'NV2500 V6 Toldo Bajo', 1),
(768, 25, 'NV2500 V8 Toldo Bajo', 1),
(769, 25, 'Pathfinder', 1),
(770, 25, 'Pickup Doble Cabina', 1),
(771, 25, 'Pickup Doble Cabina Diesel', 1),
(772, 25, 'Pickup King Cab STD', 1),
(773, 25, 'Pickup Largo', 1),
(774, 25, 'Pickup Largo Diesel', 1),
(775, 25, 'Platina 4 PTS', 1),
(776, 25, 'Quest', 1),
(777, 25, 'Rogue', 1),
(778, 25, 'Sentra', 1),
(779, 25, 'Sentra 4 PTS', 1),
(780, 25, 'Sentra SE R', 1),
(781, 25, 'Tiida 5 PTS', 1),
(782, 25, 'Tiida Sedan', 1),
(783, 25, 'Titan', 1),
(784, 25, 'Tsuru 4 PTS', 1),
(785, 25, 'Urvan Panel', 1),
(786, 25, 'Urvan Panel Diesel', 1),
(787, 25, 'Urvan Pasajeros', 1),
(788, 25, 'Urvan Pasajeros Diesel', 1),
(789, 25, 'Versa', 1),
(790, 25, 'Xterra', 1),
(791, 25, 'Xtrail', 1),
(792, 26, '2008', 1),
(793, 26, '206 3p', 1),
(794, 26, '206 5p', 1),
(795, 26, '206 Cc', 1),
(796, 26, '206 Sw', 1),
(797, 26, '207 3p', 1),
(798, 26, '207 CC', 1),
(799, 26, '207 Compact', 1),
(800, 26, '207 Compact 3p', 1),
(801, 26, '207 Compact 5p', 1),
(802, 26, '207 Rc', 1),
(803, 26, '207 Sedan', 1),
(804, 26, '208', 1),
(805, 26, '3008', 1),
(806, 26, '301', 1),
(807, 26, '307 3p', 1),
(808, 26, '307 4p', 1),
(809, 26, '307 5p', 1),
(810, 26, '307 Break', 1),
(811, 26, '307 Cc', 1),
(812, 26, '307 Sw', 1),
(813, 26, '308', 1),
(814, 26, '308 Cc', 1),
(815, 26, '406 Coupe', 1),
(816, 26, '406 St Aut', 1),
(817, 26, '406 Sv V6', 1),
(818, 26, '407', 1),
(819, 26, '5008', 1),
(820, 26, '508', 1),
(821, 26, '607 Pack', 1),
(822, 26, 'Expert Cargo Van', 1),
(823, 26, 'Expert Hdi', 1),
(824, 26, 'Grand Raid', 1),
(825, 26, 'Grand Raid Hdi', 1),
(826, 26, 'Manager Hdi', 1),
(827, 26, 'Nuevo 207', 1),
(828, 26, 'Partner', 1),
(829, 26, 'Partner Hdi', 1),
(830, 26, 'Partner Tepee Outdoor', 1),
(831, 26, 'Rcz', 1),
(832, 26, 'RIFTER', 1),
(833, 27, '718 Boxster', 1),
(834, 27, '911 Carrera', 1),
(835, 27, '911 Carrera / Turbo / GT', 1),
(836, 27, '911 Turbo', 1),
(837, 27, 'Boxster', 1),
(838, 27, 'Cayenne', 1),
(839, 27, 'Cayman', 1),
(840, 27, 'Gt3 / Gt2 / Carrera Gt', 1),
(841, 27, 'Macan', 1),
(842, 27, 'Panamera', 1),
(843, 28, 'Captur', 1),
(844, 28, 'Clio', 1),
(845, 28, 'Clio Renault Sport', 1),
(846, 28, 'Clio RS', 1),
(847, 28, 'Duster', 1),
(848, 28, 'Euro Clio', 1),
(849, 28, 'Fluence', 1),
(850, 28, 'Kangoo', 1),
(851, 28, 'Kangoo 7 Plazas', 1),
(852, 28, 'Kangoo Diesel', 1),
(853, 28, 'Kangoo Vp', 1),
(854, 28, 'Koleos', 1),
(855, 28, 'Kwid', 1),
(856, 28, 'Laguna', 1),
(857, 28, 'Logan', 1),
(858, 28, 'Megane II 3 Ptas', 1),
(859, 28, 'Megane II 3 Ptas Sport', 1),
(860, 28, 'Megane II 5 Ptas', 1),
(861, 28, 'Megane Ii Cc', 1),
(862, 28, 'Megane II Gt 3 Ptas', 1),
(863, 28, 'Megane II Gt 5 Ptas', 1),
(864, 28, 'Megane II Sedan', 1),
(865, 28, 'Oroch', 1),
(866, 28, 'Safrane', 1),
(867, 28, 'Sandero', 1),
(868, 28, 'Sandero R.S. 2.0', 1),
(869, 28, 'Scala', 1),
(870, 28, 'Scenic', 1),
(871, 28, 'Scenic II', 1),
(872, 28, 'Stepway', 1),
(873, 28, 'Traffic Carga', 1),
(874, 28, 'Traffic Pasajeros', 1),
(875, 28, 'Traffic Vu L2h2', 1),
(876, 28, 'Twizy', 1),
(877, 28, 'ZOE', 1),
(878, 29, 'Alhambra', 1),
(879, 29, 'Altea', 1),
(880, 29, 'Arona', 1),
(881, 29, 'Ateca', 1),
(882, 29, 'Cordoba', 1),
(883, 29, 'Exeo', 1),
(884, 29, 'Freetrack', 1),
(885, 29, 'Ibiza', 1),
(886, 29, 'Ibiza 2 Ptas', 1),
(887, 29, 'Ibiza 4 Ptas', 1),
(888, 29, 'Leon', 1),
(889, 29, 'Leon Cupra', 1),
(890, 29, 'Leon Sc 2p', 1),
(891, 29, 'Leon ST', 1),
(892, 29, 'Nuevo Toledo', 1),
(893, 29, 'Tarraco', 1),
(894, 29, 'Toledo', 1),
(895, 30, 'Forfour', 1),
(896, 30, 'FORTWO', 1),
(897, 30, 'Otros Smart', 1),
(898, 30, 'Roadster', 1),
(899, 31, 'B9 Tribeca', 1),
(900, 31, 'Forester', 1),
(901, 31, 'Impreza', 1),
(902, 31, 'Impreza HB', 1),
(903, 31, 'Legacy', 1),
(904, 31, 'Legacy 2.0', 1),
(905, 31, 'Legacy 2.5i', 1),
(906, 31, 'Legacy 3.0', 1),
(907, 31, 'Legacy 3.6', 1),
(908, 31, 'Outback', 1),
(909, 31, 'Subaru BRZ', 1),
(910, 31, 'WRX', 1),
(911, 31, 'WRX STI', 1),
(912, 31, 'XV', 1),
(913, 32, 'Aerio Ta', 1),
(914, 32, 'Aerio Tm', 1),
(915, 32, 'Ciaz', 1),
(916, 32, 'Ertiga', 1),
(917, 32, 'Grand Vitara', 1),
(918, 32, 'Grand Vitara 4x4', 1),
(919, 32, 'Ignis', 1),
(920, 32, 'Kizashi', 1),
(921, 32, 'S Cross', 1),
(922, 32, 'Swift', 1),
(923, 32, 'Sx4 Sedan Ta', 1),
(924, 32, 'Sx4 Sedan Tm', 1),
(925, 32, 'Sx4 X-Over Ta', 1),
(926, 32, 'Sx4 X-Over Tm', 1),
(927, 32, 'Vitara', 1),
(928, 32, 'XL7', 1),
(929, 33, '4runner', 1),
(930, 33, 'Avanza', 1),
(931, 33, 'Camry', 1),
(932, 33, 'C-HR', 1),
(933, 33, 'Corolla', 1),
(934, 33, 'Fjcruiser', 1),
(935, 33, 'GR Supra', 1),
(936, 33, 'Hiace P', 1),
(937, 33, 'Hiace V', 1),
(938, 33, 'Highlander', 1),
(939, 33, 'Hilux Cc', 1),
(940, 33, 'Hilux Dc', 1),
(941, 33, 'Hilux Sc', 1),
(942, 33, 'Lcruiser', 1),
(943, 33, 'Matrix', 1),
(944, 33, 'Mr2', 1),
(945, 33, 'Prius', 1),
(946, 33, 'Prius-C', 1),
(947, 33, 'Rav4', 1),
(948, 33, 'Rush', 1),
(949, 33, 'Sequoia', 1),
(950, 33, 'Sienna', 1),
(951, 33, 'Solara', 1),
(952, 33, 'Tacoma', 1),
(953, 33, 'Tacoma-', 1),
(954, 33, 'Tundra', 1),
(955, 33, 'Yaris Hatchback', 1),
(956, 33, 'Yaris Sedan', 1),
(957, 33, 'Yaris-R', 1),
(958, 34, 'Amarok', 1),
(959, 34, 'Beetle', 1),
(960, 34, 'Beetle Cabrio', 1),
(961, 34, 'Bora', 1),
(962, 34, 'Bora TDI', 1),
(963, 34, 'Crafter', 1),
(964, 34, 'Crossfox', 1),
(965, 34, 'Derby', 1),
(966, 34, 'EOS', 1),
(967, 34, 'Eurovan Carga', 1),
(968, 34, 'Eurovan Pasajeros', 1),
(969, 34, 'Gol', 1),
(970, 34, 'Gol Sedan', 1),
(971, 34, 'Golf', 1),
(972, 34, 'Golf-', 1),
(973, 34, 'Golf Gti', 1),
(974, 34, 'Golf Variant-/Crossgolf', 1),
(975, 34, 'Jetta', 1),
(976, 34, 'Jetta 4 PTAS', 1),
(977, 34, 'Jetta TDI', 1),
(978, 34, 'Lupo 2 Ptas', 1),
(979, 34, 'Lupo 4 Ptas', 1),
(980, 34, 'Nuevo Jetta', 1),
(981, 34, 'Nuevo Jetta TDI', 1),
(982, 34, 'Passat', 1),
(983, 34, 'Passat Cc', 1),
(984, 34, 'Pointer 2 Ptas', 1),
(985, 34, 'Pointer 4 Ptas', 1),
(986, 34, 'Pointer Pick Up', 1),
(987, 34, 'Pointer Wagon', 1),
(988, 34, 'Polo 4 Ptas', 1),
(989, 34, 'Polo 5 Ptas', 1),
(990, 34, 'Polo GTI', 1),
(991, 34, 'Routan', 1),
(992, 34, 'Saveiro', 1),
(993, 34, 'Sedan', 1),
(994, 34, 'Sharan', 1),
(995, 34, 'Sport Van', 1),
(996, 34, 'Sportwagen', 1),
(997, 34, 'T-Cross', 1),
(998, 34, 'Teramont', 1),
(999, 34, 'Tiguan', 1),
(1000, 34, 'Tiguan-', 1),
(1001, 34, 'Touareg', 1),
(1002, 34, 'Transporter Carga', 1),
(1003, 34, 'Transporter Pasajeros', 1),
(1004, 34, 'UP!', 1),
(1005, 34, 'Vento', 1),
(1006, 34, 'Virtus', 1),
(1007, 34, 'Volkswagen Caddy', 1),
(1008, 34, 'Vw Van', 1),
(1009, 35, 'C30 2.4i', 1),
(1010, 35, 'C30 T5', 1),
(1011, 35, 'C70 Cabrio', 1),
(1012, 35, 'C70 T5', 1),
(1013, 35, 'S 60 1.6', 1),
(1014, 35, 'S40 2.0t', 1),
(1015, 35, 'S40 T5', 1),
(1016, 35, 'S60', 1),
(1017, 35, 'S60 2.5t', 1),
(1018, 35, 'S60 CC', 1),
(1019, 35, 'S60 II', 1),
(1020, 35, 'S60 III', 1),
(1021, 35, 'S60 R', 1),
(1022, 35, 'S60 T6', 1),
(1023, 35, 'S80 2.5t', 1),
(1024, 35, 'S80 3.2', 1),
(1025, 35, 'S80 T6', 1),
(1026, 35, 'S80 V8', 1),
(1027, 35, 'S90', 1),
(1028, 35, 'V40', 1),
(1029, 35, 'V40 II', 1),
(1030, 35, 'V40 T4', 1),
(1031, 35, 'V40 T5', 1),
(1032, 35, 'V40cc', 1),
(1033, 35, 'V40cc T5 Awd', 1),
(1034, 35, 'V40cc T5 Fwd', 1),
(1035, 35, 'V50 T5', 1),
(1036, 35, 'V60', 1),
(1037, 35, 'V60 CC', 1),
(1038, 35, 'XC40', 1),
(1039, 35, 'XC60', 1),
(1040, 35, 'XC60 II', 1),
(1041, 35, 'Xc70 2.5t', 1),
(1042, 35, 'Xc90', 1),
(1043, 35, 'XC90 3.2', 1),
(1044, 35, 'XC90 II', 1),
(1045, 35, 'Xc90 T6', 1),
(1046, 35, 'XC90 V8', 1);

-- --------------------------------------------------------

--
-- Estructura de tabla para la tabla `textos`
--

CREATE TABLE `textos` (
  `id_textos` int(11) NOT NULL,
  `id_credito` int(11) NOT NULL,
  `disclaimers` text NOT NULL,
  `terminos` text NOT NULL,
  `doc_terminos` varchar(500) NOT NULL,
  `id_status` tinyint(2) NOT NULL
) ENGINE=InnoDB DEFAULT CHARSET=utf8mb4;

--
-- Volcado de datos para la tabla `textos`
--

INSERT INTO `textos` (`id_textos`, `id_credito`, `disclaimers`, `terminos`, `doc_terminos`, `id_status`) VALUES
(1, 1, '<ul>\r\n    <li>Tasa de interés fija anual de 16.5%. Esquema ofrecido por Own Financial Services®</li>\r\n    <li>Al contratar tu crédito con Own Financial Services® se te solicitará la contratación de los seguros correspondientes. Los seguros son responsabilidad de la Compañía Aseguradora que los otorga. Si decides contratar los seguros con Own Financial Services®, serán financiados al mismo plazo y tasa del crédito.</li>\r\n    <li>Own Financial Services®. reconoce el derecho innegable que tiene el cliente de contratar a través de un tercero independiente los productos y/o servicios adicionales o ligados a los mencionados en esta publicación o aquellos que pudieran ofrecer cualesquiera de las Entidades de su Grupo Financiero.</li>\r\n    <li>El pago de tu mensualidad incluye la prima anual de un seguro de daños con cobertura amplia durante la vida del crédito, un seguro de vida por un monto fijo anual de $954.00 que cubre el saldo insoluto vigente en caso de fallecimiento, y un seguro de desempleo sin costo adicional que cubre el importe de la mensualidad hasta por 6 meses.</li>\r\n    <li>El precio del seguro de daños es sugerido y de acuerdo al monto del crédito solicitado. El precio del seguro de daños es proporcionado por la compañía aseguradora que lo proporciona. Este precio sugerido es solo para efectos de simulación que es sujeto a modificaciones de acuerdo a las características finalmente contratadas.</li>\r\n    <li>Esta tabla de amortización, es de carácter informativo y tan sólo una estimación de cómo se comportarían los pagos, sujeto a cambio sin previo aviso.</li>\r\n    <li>En el primer pago, la mensualidad comprende el pago de la comisión por apertura, intereses por los días transcurridos de la fecha de disposición hasta la siguiente fecha de corte.</li>\r\n    <li>A partir del segundo pago, la mensualidad comprende el pago de Intereses, IVA y Capital.- Puedes realizar pagos anticipados de capital sin penalización, reduciendo así el pago tus siguientes mensualidades.</li>\r\n    <li>El seguro de daños será financiado al mismo plazo y tasa del crédito.</li>\r\n    <li>Este documento no tiene ninguna validez oficial. Sujeto a autorización de crédito, aplican restricciones.</li>\r\n</ul>', 'Términos y condiciones del crédito personal', 'c-personal.pdf', 1),
(2, 2, '<ul>     <li>Tasa de interés fija anual de 16.5%. Esquema ofrecido por Own Financial Services®</li>     <li>Al contratar tu crédito con Own Financial Services® se te solicitará la contratación de los seguros correspondientes. Los seguros son responsabilidad de la Compañía Aseguradora que los otorga. Si decides contratar los seguros con Own Financial Services®, serán financiados al mismo plazo y tasa del crédito.</li>     <li>Own Financial Services®. reconoce el derecho innegable que tiene el cliente de contratar a través de un tercero independiente los productos y/o servicios adicionales o ligados a los mencionados en esta publicación o aquellos que pudieran ofrecer cualesquiera de las Entidades de su Grupo Financiero.</li>     <li>El pago de tu mensualidad incluye la prima anual de un seguro de daños con cobertura amplia durante la vida del crédito, un seguro de vida por un monto fijo anual de $954.00 que cubre el saldo insoluto vigente en caso de fallecimiento, y un seguro de desempleo sin costo adicional que cubre el importe de la mensualidad hasta por 6 meses.</li>     <li>El precio del seguro de daños es sugerido y de acuerdo al monto del crédito solicitado. El precio del seguro de daños es proporcionado por la compañía aseguradora que lo proporciona. Este precio sugerido es solo para efectos de simulación que es sujeto a modificaciones de acuerdo a las características finalmente contratadas.</li>     <li>Esta tabla de amortización, es de carácter informativo y tan sólo una estimación de cómo se comportarían los pagos, sujeto a cambio sin previo aviso.</li>     <li>En el primer pago, la mensualidad comprende el pago de la comisión por apertura, intereses por los días transcurridos de la fecha de disposición hasta la siguiente fecha de corte.</li>     <li>A partir del segundo pago, la mensualidad comprende el pago de Intereses, IVA y Capital.- Puedes realizar pagos anticipados de capital sin penalización, reduciendo así el pago tus siguientes mensualidades.</li>     <li>El seguro de daños será financiado al mismo plazo y tasa del crédito.</li>     <li>Este documento no tiene ninguna validez oficial. Sujeto a autorización de crédito, aplican restricciones.</li> </ul>', 'Términos y condiciones del crédito de nómina', 'c-nomina.pdf', 1),
(3, 3, '<ul>     <li>Tasa de interés fija anual de 16.5%. Esquema ofrecido por Own Financial Services®</li>     <li>Al contratar tu crédito con Own Financial Services® se te solicitará la contratación de los seguros correspondientes. Los seguros son responsabilidad de la Compañía Aseguradora que los otorga. Si decides contratar los seguros con Own Financial Services®, serán financiados al mismo plazo y tasa del crédito.</li>     <li>Own Financial Services®. reconoce el derecho innegable que tiene el cliente de contratar a través de un tercero independiente los productos y/o servicios adicionales o ligados a los mencionados en esta publicación o aquellos que pudieran ofrecer cualesquiera de las Entidades de su Grupo Financiero.</li>     <li>El pago de tu mensualidad incluye la prima anual de un seguro de daños con cobertura amplia durante la vida del crédito, un seguro de vida por un monto fijo anual de $954.00 que cubre el saldo insoluto vigente en caso de fallecimiento, y un seguro de desempleo sin costo adicional que cubre el importe de la mensualidad hasta por 6 meses.</li>     <li>El precio del seguro de daños es sugerido y de acuerdo al monto del crédito solicitado. El precio del seguro de daños es proporcionado por la compañía aseguradora que lo proporciona. Este precio sugerido es solo para efectos de simulación que es sujeto a modificaciones de acuerdo a las características finalmente contratadas.</li>     <li>Esta tabla de amortización, es de carácter informativo y tan sólo una estimación de cómo se comportarían los pagos, sujeto a cambio sin previo aviso.</li>     <li>En el primer pago, la mensualidad comprende el pago de la comisión por apertura, intereses por los días transcurridos de la fecha de disposición hasta la siguiente fecha de corte.</li>     <li>A partir del segundo pago, la mensualidad comprende el pago de Intereses, IVA y Capital.- Puedes realizar pagos anticipados de capital sin penalización, reduciendo así el pago tus siguientes mensualidades.</li>     <li>El seguro de daños será financiado al mismo plazo y tasa del crédito.</li>     <li>Este documento no tiene ninguna validez oficial. Sujeto a autorización de crédito, aplican restricciones.</li> </ul>', 'Términos y condiciones del crédito para PyMES', 'c-pymes.pdf', 1),
(4, 4, '<ul>     <li>Tasa de interés fija anual de 16.5%. Esquema ofrecido por Own Financial Services®</li>     <li>Al contratar tu crédito con Own Financial Services® se te solicitará la contratación de los seguros correspondientes. Los seguros son responsabilidad de la Compañía Aseguradora que los otorga. Si decides contratar los seguros con Own Financial Services®, serán financiados al mismo plazo y tasa del crédito.</li>     <li>Own Financial Services®. reconoce el derecho innegable que tiene el cliente de contratar a través de un tercero independiente los productos y/o servicios adicionales o ligados a los mencionados en esta publicación o aquellos que pudieran ofrecer cualesquiera de las Entidades de su Grupo Financiero.</li>     <li>El pago de tu mensualidad incluye la prima anual de un seguro de daños con cobertura amplia durante la vida del crédito, un seguro de vida por un monto fijo anual de $954.00 que cubre el saldo insoluto vigente en caso de fallecimiento, y un seguro de desempleo sin costo adicional que cubre el importe de la mensualidad hasta por 6 meses.</li>     <li>El precio del seguro de daños es sugerido y de acuerdo al monto del crédito solicitado. El precio del seguro de daños es proporcionado por la compañía aseguradora que lo proporciona. Este precio sugerido es solo para efectos de simulación que es sujeto a modificaciones de acuerdo a las características finalmente contratadas.</li>     <li>Esta tabla de amortización, es de carácter informativo y tan sólo una estimación de cómo se comportarían los pagos, sujeto a cambio sin previo aviso.</li>     <li>En el primer pago, la mensualidad comprende el pago de la comisión por apertura, intereses por los días transcurridos de la fecha de disposición hasta la siguiente fecha de corte.</li>     <li>A partir del segundo pago, la mensualidad comprende el pago de Intereses, IVA y Capital.- Puedes realizar pagos anticipados de capital sin penalización, reduciendo así el pago tus siguientes mensualidades.</li>     <li>El seguro de daños será financiado al mismo plazo y tasa del crédito.</li>     <li>Este documento no tiene ninguna validez oficial. Sujeto a autorización de crédito, aplican restricciones.</li> </ul>', 'Términos y condiciones del crédito automotriz', 'c-automotriz.pdf', 1);

-- --------------------------------------------------------

--
-- Estructura de tabla para la tabla `valores`
--

CREATE TABLE `valores` (
  `id_valor` int(11) NOT NULL,
  `factor_seg_vida` varchar(10) NOT NULL,
  `seg_auto` varchar(10) NOT NULL,
  `factor_seg_auto` varchar(10) NOT NULL,
  `factor_comision` varchar(10) NOT NULL,
  `factor_comision2` varchar(10) NOT NULL,
  `tia1` varchar(10) NOT NULL,
  `tia2` varchar(10) NOT NULL,
  `tia3` varchar(10) NOT NULL,
  `tia4` varchar(10) NOT NULL,
  `tia5` varchar(10) NOT NULL,
  `CAT` varchar(10) NOT NULL,
  `id_status` tinyint(2) NOT NULL
) ENGINE=InnoDB DEFAULT CHARSET=utf8mb4;

--
-- Volcado de datos para la tabla `valores`
--

INSERT INTO `valores` (`id_valor`, `factor_seg_vida`, `seg_auto`, `factor_seg_auto`, `factor_comision`, `factor_comision2`, `tia1`, `tia2`, `tia3`, `tia4`, `tia5`, `CAT`, `id_status`) VALUES
(1, '0.96', '', '', '0.1', '1.16', '270', '59', '', '', '', '116.4', 1),
(2, '0.96', '', '', '0.05', '1.16', '22', '', '', '', '', '28.7', 1),
(3, '0.96', '', '', '0.05', '1.16', '21', '', '', '', '', '29.5', 1),
(4, '0.96', '0.042', '1.05', '0.05', '1.16', '17', '16.5', '16', '15.5', '15', '17.1', 1);

--
-- Índices para tablas volcadas
--

--
-- Indices de la tabla `creditos`
--
ALTER TABLE `creditos`
  ADD PRIMARY KEY (`id_credito`);

--
-- Indices de la tabla `disclaimers`
--
ALTER TABLE `disclaimers`
  ADD PRIMARY KEY (`id_disclaimer`);

--
-- Indices de la tabla `marcas`
--
ALTER TABLE `marcas`
  ADD PRIMARY KEY (`id_marca`);

--
-- Indices de la tabla `submarcas`
--
ALTER TABLE `submarcas`
  ADD PRIMARY KEY (`id_submarcas`);

--
-- Indices de la tabla `textos`
--
ALTER TABLE `textos`
  ADD PRIMARY KEY (`id_textos`);

--
-- Indices de la tabla `valores`
--
ALTER TABLE `valores`
  ADD PRIMARY KEY (`id_valor`);

--
-- AUTO_INCREMENT de las tablas volcadas
--

--
-- AUTO_INCREMENT de la tabla `creditos`
--
ALTER TABLE `creditos`
  MODIFY `id_credito` int(11) NOT NULL AUTO_INCREMENT, AUTO_INCREMENT=5;

--
-- AUTO_INCREMENT de la tabla `disclaimers`
--
ALTER TABLE `disclaimers`
  MODIFY `id_disclaimer` int(2) NOT NULL AUTO_INCREMENT, AUTO_INCREMENT=41;

--
-- AUTO_INCREMENT de la tabla `marcas`
--
ALTER TABLE `marcas`
  MODIFY `id_marca` int(11) NOT NULL AUTO_INCREMENT, AUTO_INCREMENT=36;

--
-- AUTO_INCREMENT de la tabla `submarcas`
--
ALTER TABLE `submarcas`
  MODIFY `id_submarcas` int(11) NOT NULL AUTO_INCREMENT, AUTO_INCREMENT=1047;

--
-- AUTO_INCREMENT de la tabla `textos`
--
ALTER TABLE `textos`
  MODIFY `id_textos` int(11) NOT NULL AUTO_INCREMENT, AUTO_INCREMENT=5;

--
-- AUTO_INCREMENT de la tabla `valores`
--
ALTER TABLE `valores`
  MODIFY `id_valor` int(11) NOT NULL AUTO_INCREMENT, AUTO_INCREMENT=5;
COMMIT;

/*!40101 SET CHARACTER_SET_CLIENT=@OLD_CHARACTER_SET_CLIENT */;
/*!40101 SET CHARACTER_SET_RESULTS=@OLD_CHARACTER_SET_RESULTS */;
/*!40101 SET COLLATION_CONNECTION=@OLD_COLLATION_CONNECTION */;
